,loss,acc,val_loss,val_acc
0,1.981523461360668,0.35305720567703247,1.2308719871551033,0.5511810779571533
1,0.6684258190485147,0.7593688368797302,1.1070618845346405,0.6299212574958801
2,0.46229259073146467,0.8264299631118774,0.9025472336866724,0.7086614370346069
3,0.31943913750512126,0.8934911489486694,0.7684543616189732,0.7637795209884644
4,0.24127569118665285,0.9013806581497192,0.7399778075105562,0.748031497001648
5,0.1749016185248862,0.942800760269165,0.7371219471683652,0.7559055089950562
6,0.12088530623451375,0.966469407081604,0.6950215392225371,0.7637795209884644
7,0.08132032332556134,0.9822485446929932,0.6606674888941246,0.7716535329818726
8,0.040594703328650616,0.9980276226997375,0.6479177751879054,0.7716535329818726
9,0.032846578145197626,0.9960552453994751,0.9380335329085823,0.7244094610214233
10,0.05774523917387223,0.9802761077880859,1.3195498013120937,0.6692913174629211
11,0.03667646368021325,0.9921104311943054,0.704947160454247,0.8425197005271912
12,0.05521146574331341,0.9921104311943054,0.929202574913896,0.787401556968689
13,0.08605738088885355,0.9684418439865112,1.1690791197649137,0.7007874250411987
14,0.016186511463667515,0.9980276226997375,1.5346530272266057,0.6692913174629211
15,0.026595459108404388,0.9940828680992126,1.4983163180313712,0.6692913174629211
16,0.058838578631745055,0.9822485446929932,1.0396706569851852,0.7165354490280151
17,0.027434947283725444,0.9940828680992126,0.6566702085217153,0.834645688533783
18,0.01004247922501738,1.0,0.650291393356999,0.834645688533783
