,loss,acc,val_loss,val_acc
0,1.7800094281898213,0.2702169716358185,1.5221347151778815,0.5590550899505615
1,1.1077438514143287,0.5601577758789062,1.3867839931503056,0.5511810779571533
2,1.0328949713377793,0.5976331233978271,1.0713315995659416,0.5905511975288391
3,0.9350476375463211,0.64891517162323,1.0214589787280466,0.6692913174629211
4,0.900970384684305,0.6370808482170105,0.9740075117021095,0.6456692814826965
5,0.9319163127058356,0.64891517162323,1.0242066214403769,0.6535432934761047
6,0.8800292441830833,0.64891517162323,1.2047308645849153,0.5984252095222473
7,0.8885206473179352,0.6528599858283997,1.204168146989477,0.5748031735420227
8,0.8914407535182418,0.6311637163162231,1.0627095844801955,0.6141732335090637
9,0.9128803407417011,0.6272189617156982,1.240885434188242,0.5196850299835205
10,0.9247398289467926,0.6370808482170105,1.0914289078374548,0.5905511975288391
11,0.8257928042722171,0.6607494950294495,0.9312280500967671,0.6299212574958801
12,0.8602387774625474,0.6469427943229675,1.0326857566833496,0.5748031735420227
13,0.8805126805277266,0.6469427943229675,1.1487730675794947,0.5748031735420227
14,0.8466150225737156,0.6863905191421509,1.1827992163305208,0.5669291615486145
15,0.8788651055132849,0.6193293929100037,1.1165379360904844,0.5748031735420227
16,0.8676834436798472,0.6429980397224426,1.0702789665207149,0.6062992215156555
17,0.8428776723863576,0.6607494950294495,1.0393298906604136,0.6535432934761047
18,0.8328297505011926,0.6528599858283997,1.1339684264866385,0.6220472455024719
19,0.8083851766539278,0.668639063835144,1.1774169211312542,0.5984252095222473
20,0.8705908031270819,0.639053225517273,1.180925327961839,0.5590550899505615
21,0.8424759431938683,0.6548323631286621,1.0568598105212834,0.5748031735420227
