,loss,acc,val_loss,val_acc
0,1.0448648318795875,0.6118811964988708,1.0500591172008065,0.6377952694892883
1,0.7602470723709257,0.7188118696212769,1.056246933974619,0.5984252095222473
2,0.7190249786518588,0.7425742745399475,1.0731037169929565,0.5669291615486145
3,0.7014764157852323,0.7267326712608337,1.2523318177133094,0.5590550899505615
4,0.6582411126335068,0.7564356327056885,1.5985208036392693,0.5511810779571533
5,0.6516549658067156,0.7148514986038208,1.68550156889938,0.5354330539703369
6,0.6783306315393731,0.7386138439178467,1.6561238024178453,0.5354330539703369
7,0.6339305662872767,0.7425742745399475,1.706236752938098,0.5275590419769287
8,0.6679998305764528,0.7366336584091187,1.5386685255005603,0.5275590419769287
9,0.6375823965167055,0.7603960633277893,1.5418394494244432,0.5275590419769287
10,0.6560057566897703,0.7326732873916626,2.0292352203309068,0.5275590419769287
