,loss,acc,val_loss,val_acc
0,1.3192232157116577,0.4950690269470215,1.5542719636376447,0.4724409580230713
1,1.0519662760418547,0.5877711772918701,1.427655699684864,0.5669291615486145
2,0.9797973616353624,0.6213017702102661,1.0886291875613956,0.5669291615486145
3,0.94464708938166,0.6015779376029968,1.2310803837663546,0.5433070659637451
4,0.9232992194813384,0.6331360936164856,1.2434452185480613,0.5669291615486145
5,0.9131573111818152,0.6074950695037842,1.2755451230552253,0.5039370059967041
6,0.889074740795459,0.6370808482170105,1.018727618878282,0.6614173054695129
7,0.8625188292366043,0.6449704170227051,1.1376200060206136,0.5984252095222473
8,0.8900226025421474,0.625246524810791,1.0965737268680662,0.6141732335090637
9,0.9358989368293883,0.6134122014045715,1.1193044565794037,0.5905511975288391
10,0.9198311414474096,0.6311637163162231,1.1484822316432561,0.6062992215156555
11,0.8970254318718844,0.6410256624221802,1.0784398627093459,0.5354330539703369
12,0.8662744011634436,0.658777117729187,1.1917642261099628,0.5590550899505615
13,0.8702055934735774,0.6568047404289246,1.042809067279335,0.5669291615486145
14,0.9101386601638042,0.6429980397224426,1.0429921563216082,0.5984252095222473
15,0.8685388708490827,0.6568047404289246,1.0481854114006823,0.6062992215156555
16,0.8898050153161412,0.6232741475105286,1.0254392694300554,0.5511810779571533
