,loss,acc,val_loss,val_acc
0,1.490703507640658,0.41025641560554504,1.1740613453031525,0.5905511975288391
1,0.869196038862187,0.6627218723297119,0.9546543134479072,0.6299212574958801
2,0.765074850539484,0.6706114411354065,0.9464610890140683,0.6377952694892883
3,0.6931905116907944,0.7199211120605469,1.1156903899560764,0.6220472455024719
4,0.6839905135495188,0.7140039205551147,1.2559785289088572,0.5905511975288391
5,0.6798369039210107,0.7376725673675537,1.229130701755914,0.5984252095222473
6,0.604785969741716,0.7633135914802551,1.1381809533111693,0.5826771855354309
7,0.6408624960884776,0.7416173815727234,1.1504554790774668,0.5905511975288391
8,0.638453888705026,0.7376725673675537,1.1221829389962625,0.5984252095222473
9,0.6398021394214216,0.7297830581665039,0.9925618120065824,0.6141732335090637
10,0.6308124272310758,0.7495068907737732,1.0967866567176159,0.5984252095222473
11,0.7003665486501284,0.7218934893608093,1.1901352152111024,0.5826771855354309
12,0.6278593483761218,0.7495068907737732,1.0713989870754752,0.5826771855354309
