,loss,acc,val_loss,val_acc
0,1.4024186889723975,0.4811881184577942,0.8656487197387875,0.6850393414497375
1,0.5838650364686947,0.7683168053627014,0.6420611809557817,0.7795275449752808
2,0.44961983290049107,0.805940568447113,0.5920862813634197,0.7716535329818726
3,0.34006333528178756,0.8435643315315247,0.5287802421201871,0.8267716765403748
4,0.2776238785521819,0.89702969789505,0.5507107771287753,0.787401556968689
5,0.27131687207977373,0.908910870552063,0.4468557686786952,0.8188976645469666
6,0.1905243891005469,0.9386138319969177,0.5238979928136811,0.8110235929489136
7,0.13397206749656412,0.9544554352760315,0.41611269632662373,0.834645688533783
8,0.12624840526887687,0.9564356207847595,0.3331468450272177,0.8425197005271912
9,0.07246996679961092,0.9782178401947021,0.37831712566961456,0.8582677245140076
10,0.10035108686378687,0.9663366079330444,0.692709212697397,0.7637795209884644
11,0.10482327531248627,0.9782178401947021,0.4667711731955761,0.8503937125205994
12,0.08030958685765763,0.9643564224243164,0.5398860996163736,0.834645688533783
13,0.15078127390871027,0.9425742626190186,0.7522460194084588,0.7716535329818726
14,0.1064459443608723,0.9643564224243164,0.4976691559074432,0.8188976645469666
15,0.07156389273039185,0.986138641834259,0.42874813244098753,0.8818897604942322
16,0.08480348338437553,0.9702970385551453,0.6019741601831331,0.8031495809555054
17,0.11041731649253628,0.9643564224243164,1.369297466409488,0.6377952694892883
18,0.10730212838342874,0.9623762369155884,1.953095911056038,0.5354330539703369
