,loss,acc,val_loss,val_acc
0,0.9885713640284491,0.5562130212783813,1.1222722567911223,0.5748031735420227
1,0.42363077801830434,0.8520709872245789,1.408870210797768,0.5905511975288391
2,0.2450778080073334,0.9013806581497192,1.4898538458065724,0.5984252095222473
3,0.15364641865212067,0.9467455744743347,1.8609321211266705,0.5984252095222473
4,0.10681764361185905,0.9684418439865112,2.5852985438399427,0.5826771855354309
5,0.08080716467144691,0.9783037304878235,1.8677237831701443,0.6299212574958801
6,0.04484419427679841,0.9881656765937805,1.7481156944289922,0.6614173054695129
7,0.027462492322207554,0.9940828680992126,1.8319670590828723,0.6456692814826965
8,0.02630705844162719,0.9921104311943054,3.2454513536663505,0.5826771855354309
9,0.027153821715339282,0.9921104311943054,1.8113951007212241,0.6692913174629211
10,0.02327904231704889,0.9960552453994751,1.1347058654770137,0.787401556968689
