,loss,acc,val_loss,val_acc
0,1.2982897589192588,0.5128205418586731,0.9908158844850194,0.6220472455024719
1,0.8010725370760735,0.682445764541626,0.7311713198038536,0.7244094610214233
2,0.6458962024786533,0.7435897588729858,0.6372022013964616,0.7637795209884644
3,0.5189891088408596,0.7790927290916443,0.5144338133766895,0.7952755689620972
4,0.4786032491181729,0.8224852085113525,0.6436937643787054,0.7559055089950562
5,0.44096029568941164,0.8106508851051331,0.6558953082467628,0.7795275449752808
6,0.385607844082679,0.8323471546173096,0.5617686970027413,0.787401556968689
7,0.34179426895737414,0.8737672567367554,0.4960245940628953,0.834645688533783
8,0.2611321184115532,0.8974359035491943,0.6863489965284904,0.7952755689620972
9,0.2107857286753739,0.9151873588562012,0.86534536823513,0.7401574850082397
10,0.18313674434754976,0.9289940595626831,0.6930051037645716,0.7952755689620972
11,0.1913586774403762,0.9230769276618958,0.7491304714848676,0.7952755689620972
12,0.13215067259658722,0.9506903290748596,0.7605161155302693,0.7559055089950562
13,0.11486481228582487,0.9625246524810791,0.9173203800606915,0.748031497001648
14,0.1236369338114351,0.9605522751808167,1.0185400777914393,0.7322834730148315
15,0.13494687938890043,0.9605522751808167,0.7307114164660297,0.7716535329818726
16,0.10524182726630915,0.9644970297813416,0.9091420849477212,0.6929134130477905
17,0.11788983447605807,0.9585798978805542,0.9357988745208801,0.748031497001648
