,loss,acc,val_loss,val_acc
0,1.38282283523379,0.43589743971824646,1.157898506780309,0.5196850299835205
1,0.8204042991472654,0.672583818435669,0.9035844605738722,0.6692913174629211
2,0.62655747071996,0.7573964595794678,0.7646611680196026,0.7007874250411987
3,0.5951533799575865,0.7633135914802551,0.897022099006833,0.6692913174629211
4,0.4790451661839758,0.7968441843986511,0.7789836746501172,0.7007874250411987
5,0.40166429261248965,0.844181478023529,0.7029322925515062,0.7007874250411987
6,0.3757339921693595,0.857988178730011,0.7686537874965217,0.7007874250411987
7,0.3117655533305287,0.8856015801429749,0.7804584723757947,0.6929134130477905
8,0.26809113615245744,0.9013806581497192,0.7274923413757264,0.7401574850082397
9,0.2617122913606068,0.8954635262489319,0.7671570721573717,0.7244094610214233
10,0.19353372273007793,0.9289940595626831,0.6255282412363788,0.7637795209884644
11,0.17898960802446925,0.9368836283683777,0.6199863599979971,0.7952755689620972
12,0.14216611826796033,0.9644970297813416,0.7533190104905076,0.7637795209884644
13,0.18684622727672495,0.9388560056686401,0.8152163207061648,0.7952755689620972
14,0.1870210593533234,0.9289940595626831,0.8190998730697031,0.787401556968689
15,0.1452000426528957,0.9388560056686401,1.153899945612029,0.748031497001648
16,0.13808274968606246,0.9566075205802917,1.5723146951104712,0.7165354490280151
17,0.2109597497555396,0.9388560056686401,0.8906059837716771,0.787401556968689
18,0.1430982261220144,0.9566075205802917,0.9398191022122,0.8031495809555054
19,0.05815246329813666,0.9802761077880859,0.9593778416866393,0.787401556968689
20,0.06295537595183422,0.9842209219932556,0.6592351174730016,0.8267716765403748
21,0.0767836524669588,0.9743589758872986,0.7265422461539741,0.8267716765403748
