,loss,acc,val_loss,val_acc
0,1.6122572892281195,0.3925049304962158,1.1211459420797394,0.5748031735420227
1,0.8606035631789258,0.6410256624221802,1.1291754996682715,0.6141732335090637
2,0.6547178512023986,0.7337278127670288,0.9238793962583767,0.6850393414497375
3,0.5057561575073227,0.7948718070983887,1.091816830353474,0.6220472455024719
4,0.496748700767344,0.8126232624053955,1.062627529534768,0.6535432934761047
5,0.3688878198934965,0.8520709872245789,1.0095290710606912,0.6929134130477905
6,0.30982154801752443,0.8915187120437622,1.0017861395370302,0.6771653294563293
7,0.2569228374423125,0.9053254723548889,0.8806097826619786,0.748031497001648
8,0.2556340035190714,0.9013806581497192,0.8339489496599032,0.7559055089950562
9,0.22069397981644148,0.9171597361564636,1.1177097699773593,0.7401574850082397
10,0.24603050356433237,0.9053254723548889,1.0750656296887735,0.7637795209884644
11,0.1837340900913263,0.9368836283683777,0.9456851792147779,0.748031497001648
12,0.15090848358542727,0.9408283829689026,0.9375498097712599,0.7559055089950562
13,0.15736367923797234,0.9447731971740723,1.026540506543137,0.7795275449752808
14,0.2614393372389927,0.9289940595626831,0.6991067758695347,0.8188976645469666
15,0.22725284105457028,0.9289940595626831,0.39024561127339763,0.8188976645469666
16,0.17230818629323613,0.9506903290748596,0.713921718006059,0.7716535329818726
17,0.16152476144612893,0.9506903290748596,0.6672759896188271,0.7716535329818726
18,0.11908336119685888,0.9684418439865112,0.5858798125597435,0.8031495809555054
19,0.11329212263079555,0.9644970297813416,0.5705485780408063,0.8188976645469666
20,0.09208762029983118,0.9644970297813416,0.45306462331081,0.8188976645469666
21,0.07113658805805785,0.9743589758872986,0.42357419888804276,0.874015748500824
22,0.09693933594273862,0.9644970297813416,0.506809598934932,0.8503937125205994
23,0.11351195894938543,0.9625246524810791,0.5152932424244918,0.834645688533783
24,0.08326057696263113,0.9723865985870361,0.5155274222685596,0.874015748500824
25,0.06616149778997699,0.9743589758872986,0.6646287490533093,0.8188976645469666
