,loss,acc,val_loss,val_acc
0,1.8492078980985713,0.24260355532169342,1.2626355820753443,0.3937007784843445
1,1.2302912501893806,0.5029585957527161,1.296843861970376,0.5275590419769287
2,1.0726773877585898,0.5483234524726868,1.0762100013222282,0.5354330539703369
3,1.0647735922529382,0.5759368538856506,0.8755621351595,0.5984252095222473
4,0.9509788422424648,0.6291913390159607,0.814303474163446,0.6535432934761047
5,0.8821229833587857,0.6429980397224426,0.7660615847805353,0.6692913174629211
6,0.8168244869751338,0.6863905191421509,0.842653910475453,0.6850393414497375
7,0.7965994617172482,0.6863905191421509,0.7935008308080238,0.7086614370346069
8,0.7246815894952657,0.6982248425483704,0.7437629220992561,0.7322834730148315
9,0.7194704943624944,0.7061144113540649,0.7883094014145258,0.7322834730148315
10,0.7156143912667118,0.7080867886543274,0.6907940995036148,0.7165354490280151
11,0.6874265590833254,0.7258382439613342,0.7003961191402646,0.7244094610214233
12,0.6031383555786615,0.7672584056854248,0.8290162443176029,0.7165354490280151
13,0.5999557867322918,0.7672584056854248,1.0026627638208585,0.7244094610214233
14,0.59421108589605,0.7672584056854248,1.0415603865788678,0.7086614370346069
15,0.5500175097343719,0.7633135914802551,0.9618299312478914,0.7244094610214233
16,0.5446885246967188,0.7830374836921692,0.8986547213839734,0.7322834730148315
17,0.48602375288216554,0.8086785078048706,0.8854670365025678,0.7401574850082397
18,0.5019739813353183,0.7830374836921692,0.7216403376399063,0.787401556968689
19,0.5079031411477565,0.8067061305046082,0.7005102812774539,0.7795275449752808
20,0.5024302988010045,0.7928994297981262,0.745320413056321,0.8031495809555054
