,Fold,Accuracy,mean_accuracy
0,1.0,0.8787878787878788,0.8763264547313627
1,2.0,0.8834355828220859,0.8763264547313627
2,3.0,0.8711656441717791,0.8763264547313627
3,4.0,0.8957055214723927,0.8763264547313627
4,5.0,0.8588957055214724,0.8763264547313627
5,1.0,0.896969696969697,0.8763264547313627
6,2.0,0.8588957055214724,0.8763264547313627
7,3.0,0.8957055214723927,0.8763264547313627
8,4.0,0.8650306748466258,0.8763264547313627
9,5.0,0.8650306748466258,0.8763264547313627
