,Fold,Accuracy,mean_accuracy
0,1.0,0.8121212121212121,0.8789886596021566
1,2.0,0.9141104294478528,0.8789886596021566
2,3.0,0.8588957055214724,0.8789886596021566
3,4.0,0.9079754601226994,0.8789886596021566
4,5.0,0.901840490797546,0.8789886596021566
