,Fold,Accuracy,mean_accuracy
0,1.0,0.8727272727272727,0.8776129392080312
1,2.0,0.901840490797546,0.8776129392080312
2,3.0,0.8957055214723927,0.8776129392080312
3,4.0,0.852760736196319,0.8776129392080312
4,5.0,0.8650306748466258,0.8776129392080312
